name,amount,date
Wilson,37,10-10-2021
Bryan,18,10-18-2021
Felix,73,10-23-2021
Caleb,56,10-16-2021
David,45,10-19-2021
Samantha,150,10-22-2021
Grace,50,10-17-2021
Henry,120,10-13-2021
Josephine,150,10-22-2021
Tom,25,10-12-2021
Vivian,90,10-19-2021
Matt,26,10-13-2021