date,amount,name
10-10-2021,37,Wilson
10-12-2021,25,Tom
10-13-2021,26,Matt
10-13-2021,120,Henry
10-16-2021,56,Caleb
10-17-2021,50,Grace
10-18-2021,18,Bryan
10-19-2021,90,Vivian
10-19-2021,45,David
10-22-2021,150,Josephine
10-22-2021,150,Samantha
10-23-2021,73,Felix
